Model,MAE,RMSE,R2,MAPE,Best_by_RMSE,Best_by_R2,R2_norm,RMSE_norm,Performance_Score_%,Winner
ARIMA,13.080181115735012,15.283758623434217,-0.0641066807294239,17.796826136503295,False,False,0.677077164698219,0.6876715985553941,68.24,
XGBoost,13.56672477722168,16.11848826852258,-0.2103333473205566,19.372811869121847,False,False,0.0,0.0,0.0,
LSTM,12.875333709716797,14.904639031703876,0.0056341586228872,18.352117082763357,True,True,1.0,1.0,100.0,🏆
