Model,MAE,RMSE,MAPE,Accuracy_%,Winner
ARIMA,12.460298071668843,14.343065998148496,-2.0305078604732078e-05,72.47228882333457,
XGBoost,12.383026123046877,14.312429636153457,0.0042471885681152,79.99999972354688,🏆
LSTM,12.71612003326416,14.56823831569934,-0.0087990612475679,19.99999846699253,
