Model,MAE,RMSE,R2,MAPE,Accuracy_%,Winner
ARIMA,12.460298071668843,14.343065998148496,-2.0305078604732078e-05,17.748771506301278,82.25,
XGBoost,12.383026123046877,14.312429636153457,0.0042471885681152,17.863073468515022,82.18,🏆
LSTM,12.692452201843262,14.545218145040344,-0.0056134490661334,17.97659968621144,81.97,
