Model,MAE,RMSE,R²,MAPE
ARIMA,8.893043905847245,11.146688746406321,0.41803691309202307,11.577634563985557
XGBoost,3.186556577682495,4.222121636268926,0.8634336590766907,3.770250087610437
LSTM,5.442552185058593,7.052125113015208,0.6131276101302032,6.20593773334609
